id,pregunta
[0],right way to make a jar file from javafx application
[1],PriorityQueue not 'polling' priority object or I have logical error in compareTo method
[2],adding assembly code erase displayed strings
[3],Genetic Algorithm for Appliance Scheduling in java
[4],Address json-data sent from PHP to Ajax
[5],Converting a hexadecimal number to hexadecimal escaped character array
[6],What happened to Firestore document update + create in the Javascript API?
[7],Python OpenCV Can't Access Camera
[8],Check if recaptcha v2 is checked
[9],How to solve the error: “UICollectionView must be initialized with a non-nil layout parameter”
[10],FadeInImage does not what I expect it to when filtering
[11],“Excel File Format Is Not Valid” Error On xls File After Downloading - ASP.Net
[12],How can I catch SocketTimeoutException at couchbase lite android?
[13],React native google places and multiple markers
[14],Tomcat websocket server onclose failed
[15],Material UI App Bar Component's menu does not show up after toggle
[16],Fetch parameters from redirected url in OAuth2 in java
[17],Regex to extract what's after <br> and stop at -
[18],How to make a custom Authentication Provider in Symfony 4?
[19],modified content in C function with Rust
[20],React-Native Encountered two children with the same key
[21],only one rule fired can't able to figure out why not all rule executed which declared in drl file
[22],"Build different number of vectors/maps during runtime, to insert into BST - C++"
[23],Spek unexpected order execution
[24],make sql request on spring boot using discriminator value
[25],Why sometimes the View pass through the boundary?
[26],Android GPS speedometer using 2 location
[27],Titanic ValueError: Cannot have number of splits n_splits=3 greater than the number of samples: 1
[28],How to add background image in tkinter python
[29],"Error: done() invoked with non-Error: {“req”:{ …} request done without error, but test didn't pass"
[30],C# Running Batch File Gets Some Errors
[31],connect react redux HOC got error of `Cannot call a class as a function`
[32],importing Pure Swift Framework in Objective-C Project
[33],Access Arrays by index
[34],Group similar words/sentences in pandas column
[35],Insert element in a linked list - index doesn't exist
[36],log out function does not setRoot
[37],pod lib lint doesn't lint
[38],JavaFX : Keep line bound to the center of two panes
[39],Is it possible to get Suggestions of Arabic letters in Android Autocomplete textview when I give input of English letter?
[40],data visualization tools for apache cassandra
[41],Stack: Compile stand-alone source file
[42],Not able to increase the accuracy of Neural Networks
[43],Ionic 2 Images not displaying on device
[44],Perl 6 - Subroutine taking “Bareword” input
[45],How to convert symbolic expression to function handle for optimization [Matlab]?
[46],Symfony Serializer of DateTime Response String
[47],Display days between statuses listed horizontally
[48],Backpropagation for Heart Disease Prediction - Results not accurate?
[49],Why can't I control the Apple macOS Speech Synthesis audio unit with slider values?
[50],“Error: No callback provided to pbkdf2” when using async await
[51],Reading in data starting with a single quotation mark SAS
[52],Gluegen Runtime Error in Eclipse
[53],pass object from parent to child
[54],SimpleOnGestureListener onDoubleTap detecting double taps incorrectly
[55],Upstart job and dependencies
[56],Anaconda environments - python file not found?
[57],MethodNotAllowedHttpException in laravel-5.6
[58],Reading data on the Modbus network from the Altivar frequency converter or MODICON PLC
[59],"SELECT, how to combine some rows as one, show rows with specific column value first and exclude a row"
[60],Using higher-order components in TypeScript to omit React property on usage
[61],Bukkit DataWatcher objekt watch throws exeption
[62],OpenGL image not mapping to coordinates
[63],How to count the number of child nodes in a directed acyclic graph with xsl
[64],"Can not deserialize property type array, saved from other application"
[65],awk if statement if uncertain of whitespace or tab in final column varialbe
[66],How to understand the use of supertypes and variance in Scala's Option?
[67],Makefile with subdirectories with sequential numbering
[68],Resolution of math expressions Sphinx / imgmath
[69],How to add a tooltip over select options rather than option title
[70],How to config upload body size restriction in traefik?
[71],scala collections : map a list and carry some state?
[72],Executing the same rule for two diffrent cases in prolog
[73],Error in NonGUIDriver java.lang.IllegalArgumentException
[74],how to send subscribe to email with php codeigniter
[75],AWS Cognito Facebook login with Ionic3 App
[76],How to consume (or iterate over) an array in ATS
[77],Codename One - if clause to target the iOS build server
[78],Can convolution layer of encodr and decoder be different in convolutional auto-encoder
[79],OpenCV android NDK build error
[80],Show indoor maps using Mapbox sdk android
[81],How to log out of twitter session programmaticaly using fabric sdk
[82],Setting translatesAutoresizingMaskIntoConstraints = false creates multiple objects that instantly gets deinitialized
[83],Difference between generating random input through 'Gen' or through 'forAll' in Hedgehog
[84],AEM -Invalid data should not be pasted in textfield
[85],open pupop when select a tab react native
[86],Automated reply issue on Contact Form 7
[87],Getting loss for test image
[88],Chromium touch events are not being fired
[89],Healpy + Mayavi: nested sphere plots
[90],MobX: references to objects from an observable.map()
[91],Filter Source Code Management in Jenkins
[92],How to make pop-up text disappear after/on click?
[93],How to control label color depending on fill darkness of bars?
[94],PouchDB Grouping and Summarizing
[95],how to use spark_apply_bundle
